{"cameraMode":{"drawMode":0,"name":"Shaded","section":"Shading Mode"},"sceneLighting":true,"audioPlay":false,"sceneViewState":{"m_AlwaysRefresh":false,"showFog":true,"showSkybox":false,"showFlares":true,"showImageEffects":true,"showParticleSystems":true,"showVisualEffectGraphs":true,"m_FxEnabled":true},"in2DMode":false,"pivot":{"x":-19.50362205505371,"y":1.0577806234359742,"z":10.264740943908692},"rotation":{"x":0.05132424458861351,"y":0.7504341006278992,"z":-0.05823986232280731,"w":0.6564857959747315},"size":10.285080909729004,"orthographic":false}