{"cameraMode":{"drawMode":0,"name":"Shaded","section":"Shading Mode"},"sceneLighting":true,"audioPlay":false,"sceneViewState":{"m_AlwaysRefresh":false,"showFog":true,"showSkybox":false,"showFlares":true,"showImageEffects":true,"showParticleSystems":true,"showVisualEffectGraphs":true,"m_FxEnabled":true},"in2DMode":false,"pivot":{"x":-16.738861083984376,"y":0.8226844072341919,"z":-0.22980251908302308},"rotation":{"x":-0.006648941896855831,"y":0.8954747319221497,"z":-0.013444513082504273,"w":-0.444893479347229},"size":2.066025495529175,"orthographic":false}