{"cameraMode":{"drawMode":0,"name":"Shaded","section":"Shading Mode"},"sceneLighting":false,"audioPlay":false,"sceneViewState":{"m_AlwaysRefresh":false,"showFog":true,"showSkybox":false,"showFlares":true,"showImageEffects":true,"showParticleSystems":true,"showVisualEffectGraphs":true,"m_FxEnabled":true},"in2DMode":false,"pivot":{"x":-46.72184371948242,"y":10.388958930969239,"z":1.0175386667251588},"rotation":{"x":0.0992245003581047,"y":0.8750042915344238,"z":-0.20116296410560609,"w":0.42929813265800478},"size":2.7649476528167726,"orthographic":false}