{"cameraMode":{"drawMode":0,"name":"Shaded","section":"Shading Mode"},"sceneLighting":true,"audioPlay":false,"sceneViewState":{"m_AlwaysRefresh":false,"showFog":true,"showSkybox":false,"showFlares":true,"showImageEffects":true,"showParticleSystems":true,"showVisualEffectGraphs":true,"m_FxEnabled":true},"in2DMode":false,"pivot":{"x":-15.084701538085938,"y":2.2015678882598879,"z":0.5901787877082825},"rotation":{"x":0.41360846161842348,"y":-0.16775472462177277,"z":0.07783687859773636,"w":0.8914857506752014},"size":0.6616498827934265,"orthographic":false}