{"cameraMode":{"drawMode":0,"name":"Shaded","section":"Shading Mode"},"sceneLighting":true,"audioPlay":false,"sceneViewState":{"m_AlwaysRefresh":false,"showFog":true,"showSkybox":false,"showFlares":true,"showImageEffects":true,"showParticleSystems":true,"showVisualEffectGraphs":true,"m_FxEnabled":true},"in2DMode":false,"pivot":{"x":-22.022903442382814,"y":-6.36952018737793,"z":-5.340115547180176},"rotation":{"x":0.0044496869668364529,"y":-0.9756947755813599,"z":0.21839317679405213,"w":0.020879827439785005},"size":10.285080909729004,"orthographic":false}