{"cameraMode":{"drawMode":0,"name":"Shaded","section":"Shading Mode"},"sceneLighting":true,"audioPlay":false,"sceneViewState":{"m_AlwaysRefresh":false,"showFog":true,"showSkybox":false,"showFlares":true,"showImageEffects":true,"showParticleSystems":true,"showVisualEffectGraphs":true,"m_FxEnabled":true},"in2DMode":false,"pivot":{"x":-22.84630012512207,"y":2.5269241333007814,"z":-6.068404197692871},"rotation":{"x":0.04297598823904991,"y":0.9569132328033447,"z":-0.21146853268146516,"w":0.19436673820018769},"size":11.923781394958496,"orthographic":false}