{"cameraMode":{"drawMode":0,"name":"Shaded","section":"Shading Mode"},"sceneLighting":true,"audioPlay":false,"sceneViewState":{"m_AlwaysRefresh":false,"showFog":true,"showSkybox":false,"showFlares":true,"showImageEffects":true,"showParticleSystems":true,"showVisualEffectGraphs":true,"m_FxEnabled":true},"in2DMode":false,"pivot":{"x":-17.804018020629884,"y":-0.10214495658874512,"z":-1.8537044525146485},"rotation":{"x":0.0064608552493155,"y":0.9287240505218506,"z":-0.37040430307388308,"w":0.016152067109942437},"size":3.0339741706848146,"orthographic":false}