{"cameraMode":{"drawMode":0,"name":"Shaded","section":"Shading Mode"},"sceneLighting":true,"audioPlay":false,"sceneViewState":{"m_AlwaysRefresh":false,"showFog":true,"showSkybox":false,"showFlares":true,"showImageEffects":true,"showParticleSystems":true,"showVisualEffectGraphs":true,"m_FxEnabled":true},"in2DMode":false,"pivot":{"x":-14.582267761230469,"y":1.2383254766464234,"z":-0.5472317934036255},"rotation":{"x":0.16434185206890107,"y":0.4308314025402069,"z":-0.08023416250944138,"w":0.883807897567749},"size":0.2374677062034607,"orthographic":false}