{"cameraMode":{"drawMode":0,"name":"Shaded","section":"Shading Mode"},"sceneLighting":true,"audioPlay":false,"sceneViewState":{"m_AlwaysRefresh":false,"showFog":true,"showSkybox":false,"showFlares":true,"showImageEffects":true,"showParticleSystems":true,"showVisualEffectGraphs":true,"m_FxEnabled":true},"in2DMode":false,"pivot":{"x":-15.195337295532227,"y":0.6822592616081238,"z":0.19448475539684297},"rotation":{"x":-0.06447235494852066,"y":0.8183134198188782,"z":-0.09372545778751373,"w":-0.5634711384773254},"size":0.8660253882408142,"orthographic":false}