{"cameraMode":{"drawMode":0,"name":"Shaded","section":"Shading Mode"},"sceneLighting":true,"audioPlay":false,"sceneViewState":{"m_AlwaysRefresh":false,"showFog":true,"showSkybox":false,"showFlares":true,"showImageEffects":true,"showParticleSystems":true,"showVisualEffectGraphs":true,"m_FxEnabled":true},"in2DMode":false,"pivot":{"x":-23.803340911865236,"y":9.76900577545166,"z":17.678966522216798},"rotation":{"x":0.07639164477586746,"y":0.9237275123596191,"z":-0.27777135372161868,"w":0.25280460715293887},"size":0.8660253882408142,"orthographic":false}