{"cameraMode":{"drawMode":0,"name":"Shaded","section":"Shading Mode"},"sceneLighting":true,"audioPlay":false,"sceneViewState":{"m_AlwaysRefresh":false,"showFog":true,"showSkybox":false,"showFlares":true,"showImageEffects":true,"showParticleSystems":true,"showVisualEffectGraphs":true,"m_FxEnabled":true},"in2DMode":false,"pivot":{"x":-12.835575103759766,"y":-0.30095958709716799,"z":0.3066830039024353},"rotation":{"x":0.27435505390167239,"y":0.6436991691589356,"z":-0.2664112448692322,"w":0.6629278063774109},"size":0.9078184962272644,"orthographic":false}