{"cameraMode":{"drawMode":0,"name":"Shaded","section":"Shading Mode"},"sceneLighting":false,"audioPlay":false,"sceneViewState":{"m_AlwaysRefresh":false,"showFog":true,"showSkybox":false,"showFlares":true,"showImageEffects":true,"showParticleSystems":true,"showVisualEffectGraphs":true,"m_FxEnabled":true},"in2DMode":false,"pivot":{"x":2.092379093170166,"y":0.3102757930755615,"z":-16.561580657958986},"rotation":{"x":-0.08661625534296036,"y":-0.9099426865577698,"z":0.32546761631965639,"w":-0.24214047193527223},"size":1.9589998722076417,"orthographic":false}