{"cameraMode":{"drawMode":0,"name":"Shaded","section":"Shading Mode"},"sceneLighting":true,"audioPlay":false,"sceneViewState":{"m_AlwaysRefresh":false,"showFog":true,"showSkybox":false,"showFlares":true,"showImageEffects":true,"showParticleSystems":true,"showVisualEffectGraphs":true,"m_FxEnabled":true},"in2DMode":false,"pivot":{"x":-19.903886795043947,"y":2.647491931915283,"z":13.855535507202149},"rotation":{"x":0.052820853888988498,"y":-0.9167690873146057,"z":0.12960006296634675,"w":0.3743235468864441},"size":0.19729384779930116,"orthographic":false}