{"cameraMode":{"drawMode":0,"name":"Shaded","section":"Shading Mode"},"sceneLighting":true,"audioPlay":false,"sceneViewState":{"m_AlwaysRefresh":false,"showFog":true,"showSkybox":false,"showFlares":true,"showImageEffects":true,"showParticleSystems":true,"showVisualEffectGraphs":true,"m_FxEnabled":true},"in2DMode":false,"pivot":{"x":-14.998414039611817,"y":1.4464374780654908,"z":0.018916547298431398},"rotation":{"x":-0.03421900421380997,"y":0.8717561364173889,"z":-0.061572056263685229,"w":-0.4848877787590027},"size":0.8660253882408142,"orthographic":false}