{"cameraMode":{"drawMode":0,"name":"Shaded","section":"Shading Mode"},"sceneLighting":true,"audioPlay":false,"sceneViewState":{"m_AlwaysRefresh":false,"showFog":true,"showSkybox":false,"showFlares":true,"showImageEffects":true,"showParticleSystems":true,"showVisualEffectGraphs":true,"m_FxEnabled":true},"in2DMode":false,"pivot":{"x":-16.842166900634767,"y":-0.011500271037220955,"z":0.45958244800567629},"rotation":{"x":0.09021621942520142,"y":0.6419107913970947,"z":-0.07640594244003296,"w":0.7576294541358948},"size":0.033974409103393558,"orthographic":false}