{"cameraMode":{"drawMode":0,"name":"Shaded","section":"Shading Mode"},"sceneLighting":false,"audioPlay":false,"sceneViewState":{"m_AlwaysRefresh":false,"showFog":true,"showSkybox":false,"showFlares":true,"showImageEffects":true,"showParticleSystems":true,"showVisualEffectGraphs":true,"m_FxEnabled":true},"in2DMode":false,"pivot":{"x":-33.41871643066406,"y":3.2051541805267336,"z":-3.8470795154571535},"rotation":{"x":0.006882091984152794,"y":0.9178271889686585,"z":-0.014675276353955269,"w":0.39697161316871645},"size":2.7649476528167726,"orthographic":false}