{"cameraMode":{"drawMode":0,"name":"Shaded","section":"Shading Mode"},"sceneLighting":false,"audioPlay":false,"sceneViewState":{"m_AlwaysRefresh":false,"showFog":true,"showSkybox":false,"showFlares":true,"showImageEffects":true,"showParticleSystems":true,"showVisualEffectGraphs":true,"m_FxEnabled":false},"in2DMode":false,"pivot":{"x":-0.34145042300224306,"y":5.242984771728516,"z":11.636285781860352},"rotation":{"x":0.033922772854566577,"y":0.9269047379493713,"z":-0.08613242208957672,"w":0.36384284496307375},"size":0.9000172019004822,"orthographic":false}