{"cameraMode":{"drawMode":0,"name":"Shaded","section":"Shading Mode"},"sceneLighting":true,"audioPlay":false,"sceneViewState":{"m_AlwaysRefresh":false,"showFog":true,"showSkybox":false,"showFlares":true,"showImageEffects":true,"showParticleSystems":true,"showVisualEffectGraphs":true,"m_FxEnabled":true},"in2DMode":false,"pivot":{"x":-20.713119506835939,"y":2.9885003566741945,"z":12.200386047363282},"rotation":{"x":-0.051574427634477618,"y":-0.7499659061431885,"z":0.05802825838327408,"w":-0.6571444272994995},"size":7.0008087158203129,"orthographic":false}