{"cameraMode":{"drawMode":0,"name":"Shaded","section":"Shading Mode"},"sceneLighting":false,"audioPlay":false,"sceneViewState":{"m_AlwaysRefresh":false,"showFog":true,"showSkybox":false,"showFlares":true,"showImageEffects":true,"showParticleSystems":true,"showVisualEffectGraphs":true,"m_FxEnabled":false},"in2DMode":false,"pivot":{"x":-11.87399959564209,"y":0.3149999976158142,"z":0.40363937616348269},"rotation":{"x":0.004475817549973726,"y":0.9892810583114624,"z":-0.1431429535150528,"w":0.030233651399612428},"size":1.7661113739013672,"orthographic":false}