{"cameraMode":{"drawMode":0,"name":"Shaded","section":"Shading Mode"},"sceneLighting":false,"audioPlay":false,"sceneViewState":{"m_AlwaysRefresh":false,"showFog":true,"showSkybox":false,"showFlares":true,"showImageEffects":true,"showParticleSystems":true,"showVisualEffectGraphs":true,"m_FxEnabled":false},"in2DMode":false,"pivot":{"x":-12.972051620483399,"y":0.3381943106651306,"z":-0.7962112426757813},"rotation":{"x":-0.036601994186639789,"y":0.9414345622062683,"z":-0.10896789282560349,"w":-0.31715717911720278},"size":1.7661113739013672,"orthographic":false}